Kevin De Bruyne,DeBruyneKev,1202611
Name,BTS_twt,11012014
Manuel Neuer,Manuel_Neuer,4050683
Bernard,b_10duarte,1163011
Lionel Messi,Lionel_Messi,963663
Eden Hazard,hazardeden10,5191814
Christian Eriksen,ChrisEriksen8,540318
Marco Verratti,MarcoVerratti1,294260
Raffael,RaffaelM_Cantor,555914
David Alaba,David_Alaba,1567742
Paulo Dybala,PauDybala_JR,983474
Toni Kroos,ToniKroos,6067274
Mesut Özil,MesutOzil1088,20379782
Cristiano Ronaldo,Cristiano,66003117
Ljubomir Fejsa,LjubomirFejsa,5168
Luka Modric,lm19official,439336
Jean Michaël Seri,JeanMichaelseri,97
Neymar,neymarjr,35995606
Robert Lewandowski,lewy_official,1005679
Kingsley Coman,kingsleeeeyy,4922
Romelu Lukaku,RomeluLukaku9,1190472
Pierre-Emerick Aubameyang,Quadibaba,1396
William Carvalho,wllmcarvalho14,7816
David Silva,21LVA,3688465
Miralem Pjanic,Miralem_Pjanic,318553
Stephan El Shaarawy,OfficialEl92,1517011
Dele Alli,dele_official,485192
Marquinhos,marquinhos_m5,252086
Quincy Promes,QPromes,12064
Willian José,willianjose19,110301
Granit Xhaka,GrantXhaka,22741
André Schürrle,Andre_Schuerrle,1941168
Dries Mertens,dries_mertens14,684867
Leonardo Bonucci,bonucci_leo19,1454462
Bas Dost,12basdost,1712
Bernardo Silva,BernardoCSilva,214221
Sergio Agüero,aguerosergiokun,12652127
Alex Sandro,alexsmarcelo,778
Roman Bürki,RBuerki1,97667
Danny Welbeck,DannyWelbeck,138995
Grimaldo,Julietita_Anto,14171
Ivan Rakitic,ivanrakitic,825589
Eder,LindaEderTweets,3094
Marco Reus,woodyinho,2959705
Ibrahima Traoré,TraoreIbra16,30354
Arturo Vidal,kingarturo23,3727607
Coutinho,Phil_Coutinho,1207167
Alexis Sánchez,Alexis_Sanchez,2423978
Sergio Busquets,allBUSQUETS,9839
Gonzalo Higuaín,G_Higuain,6717808
Antoine Griezmann,AntoGriezmann,4768518
Thorgan Hazard,HazardThorgan8,260573
Gabriel Jesus,gabrieljesus33,284389
Paul Pogba,paulpogba,4419271
Ilkay Gündogan,IlkayGuendogan,524975
Keita Baldé Diao,keitabalde14,69964
Marcelo,MarceloM12,9511979
Azpilicueta,CesarAzpi,1680023
Samir Handanovic,SHandanovic1_ID,9264
Gareth Bale,GarethBale11,15801888
Kevin Strootman,Kevin_strootman,599937
Thomas Müller,esmuellert_,3849604
Raheem Sterling,sterling7,1364025
Jasper Cillessen,JasperCillessen,89813
André Gomes,aftgomes,239309
Nabil Bentaleb,nabilbentaleb42,1063253
Arjen Robben,ArjenRobben,52329
Cesc Fàbregas,cesc4official,9688322
Luis Suárez,LuisSuarez9,12630132
Casemiro,Casemiro,1252949
Fabinho,fabioalves_3,4086
Raphaël Varane,raphaelvarane,4262439
De Gea,D_DeGea,9886941
Ángel Correa,AngelCorrea32,147143
Alexandre Lacazette,LacazetteAlex,805456
Vitolo,VitoloMachin,118706
Ander Herrera,AnderHerrera,2146050
Thiago,Thiago6,3178234
Corentin Tolisso,CorentinTolisso,125839
Serge Aurier,Serge_aurier,245347
Sergio Rico,sergiorico25,58483
Luis Muriel,luisfmuriel09,668978
Oyarzabal,mikeloyar11,8756
João Moutinho,JoaoMoutinho,273767
Blaise Matuidi,MATUIDIBlaise,2263099
Kylian Mbappe Lottin,Atom_RM,2682
Daniele Baselli,Baselli,15319
Niklas Süle,nsuele25,256
Nabil Fekir,NabilFekir,144928
Isco,isco_alarcon,4550224
Karim Benzema,Benzema,7504658
Harry Kane,HKane,1360530
John Brooks,j_brooks25,238028
Radja Nainggolan,OfficialRadja,545078
Ousmane Dembélé,Dembouz,453839
Paul-Georges Ntep,PGNtep,68424
Mats Hummels,matshummels,1945000
Pedro,_Pedro17_,4478841
Saúl,mrbobodenkirk,480653
Francesco Acerbi,Acerbi_Fra,57540
Sokratis,Sokratis,2608
Javier Hernández,CH14_,8695937
Toby Alderweireld,AlderweireldTob,362063
Carvajal,DaniCarvajal92,2925771
Samuel Umtiti,samumtiti,506399
Kalidou Koulibaly,kkoulibaly26,67618
Youri Tielemans,ytielemans,54339
Jan Oblak,Oblakjan13,2924
Alex Telles,alex_Telles_,3028
Jan Vertonghen,JanVertonghen,815978
Kostas Manolas,KostasManoIas44,107
Leon Goretzka,LeonGorre,4466
Jack Wilshere,JackWilshere,2960992
Lars Stindl,stindl28,40223
Mauro Icardi,MauroIcardi,1262352
Koke,Koke6,844978
Julian Brandt,julian_brandt,599
Eric Bailly,ericbailly24,644169
Bernd Leno,Bernd_Leno,134557
Naby Keïta,Naby_Kieta6,4249
André-Pierre Gignac,10APG,1213866
Lorenzo Insigne,lorenzoinsigne1,44558
Stefan Savic,IAmTheLaw65,88
Yannick Carrasco,CarrascoY21,102603
Zé Luís,ZeLuisMusic,577
Sergio Ramos,SergioRamos,13336694
Morata,AlvaroMorata,4086192
Thiago Silva,tsilva3,127100
Thibaut Courtois,thibautcourtois,1960883
Iñigo Martínez,InigoMartinez,195773
James Rodríguez,jamesdrodriguez,15085201
Wilfried Zaha,wilfriedzaha,792036
Mohamed Salah,22mosalah,3635597
Ricardo Esgaio,RicardoEsgaio,7
Toni Leistner,ToniLeistner,992
Alfie Mawson,AlfieMawson,19631
Luca Zuffi,LucaZuffi,4044
Nicolas Pallois,PalloisN,6241
Robin Knoche,RobinKnoche,6
Tony Jantschke,tonyjantschke,8797
Paul-José Mpoku,PaulJoseMpoku,25731
Simon Tibbling,SimonTibbling,4528
Gotoku Sakai,sakai_go1123,22060
Gabriel,Gabri_33,17071
Dayro Moreno,Dayro_Moreno,25460
Franco Di Santo,fdisanto9,306503
Daniel Brosinski,Brunso20,6
Jonathan Schmid,Schmidjon,1981
Benjamin van Leer,BvLeer,568
Ivan Radovanovic,irdvn,109
Omar Elabdellaoui,OmarEla14,14199
Antonino Ragusa,RagusaAnto,3927
Yvon Mvogo,YMvogo,1829
Lisandro López,lichilopez2,65213
Facundo Roncaglia,facuroncaglia10,9031
Riccardo Meggiorini,Rmeggio,22
Luciano Narsingh,Narsingh24,1238
Wanderson,wandersonvip32,23
Stefan Johansen,stefanjohansen,59561
Jamaal Lascelles,Lascelles16,101130
Diego Farías,Doggington,265
Ademilson,AdemilsonJr,95674
Nicola Rigoni,nickrig971,49
Camilo Vargas,Kmilovargas12,317400
Eren Derdiyok,ErenDerdiyok1,5237
Castán,l_castan,336993
Mubarak Wakaso,WakasoBobby,18644
Takashi Usami,mtjwx,173
Georgiy Schennikov,Schennikov23,65
Rodrigo Moledo,MoledoRodrigo,325
Luís Neto,laantech,484
Matt Ritchie,SimpIyRitchie,1741
Fernandão,F6Fernandao,5953
Hiroki Sakai,hi04ro30ki,190281
Marco Rojas,marco_rojasm,1055
Matías Suárez,matisuarez9,21145
Oleg Ivanov,oivanov85,211
Isaac Brizuela,FanConeBrizuela,260
Jaime Romero,JaimeRomeroDj,1217
Abdul Majeed Waris,Abdulmajeedwar2,11
Marvin Zeegelaar,Marvin_240,127
Kiko Femenía,kikofemenia_15,13544
Maxim Kanunnikov,Max_Kanunnikov,54
Mauro,Tyrexito,29718
Lamine Sané,LamineSane06,6027
Rasmus Falk Jensen,OffcialFalk9,55
Guilherme,giovannoni12,14791
Nemanja Pejcinovic,87_nemanja,3214
Diogo Figueiras,diogofigueiras2,8308
Lorenzo De Silvestri,l_desilvestri,129947
Felix Wiedwald,wiedwald_felix,95
Thomas Heurtaux,THeurtaux_75,3700
Steven Zuber,StevenZuber8,9809
Jonathan Biabiany,jlbiabiany,19451
Darlington Nagbe,darlingtonnagbe,30671
Nicolas Isimat-Mirin,nicoisimat,8617
Kenneth Vermeer,kennethvermeer,86899
Denis Zakaria,marceloholic,467
Caner Erkin,CanerErkin,695294
Guerrero,AndreaGuerreroQ,1071621
Francesco Bardi,francesco_cesk,279
Julian Schieber,julian_schieber,2948
Allan Nyom,AllanNyom,23046
Gonzalo Rodríguez,juanma_rguez,111253
Ezequiel Cerutti,EzeCerutti,34492
Ricardo van Rhijn,xELG2,382
Emiliano Velázquez,EmilianoVelazCF,51
Afriyie Acquah,AcquahAfriyie20,11844
Neeskens Kebano,Neeskens_Kebano,50278
Bastian Oczipka,OczipkaBastian,158
Jorge,soujorge,2647514
James McClean,JamesMcC_14,39167
Jimmy Durmaz,JimmyDurmaz21,6284
Tana,tanamongeau,753864
Willy Boly,bolywilly15,248
Sloan Privat,PrivatSloan,1
Onur Kivrak,RecepOnurKivrak,1727
Aaron Cresswell,Aaron_Cresswell,83240
Michel Macedo,Michelmacedo16,3087
Samu García,SamuCalderas,1192
Timmy Chandler,Timmy_Chandler,135
Celso Ortíz,yazav18,831
Bóveda,BovedaEd,2557
Dani Pacheco,dani37pacheco,252834
Craig Dawson,craigdawson42,763
Tom Davies,1TomDavies,44890
Olcay Sahan,olcay_sahan10,414433
Pierre-Michel Lasogga,Lasogga10,177064
Papy Djilobodji,papydjilo15,18404
Federico Marchetti,fmarchetti22,23028
Sergio,23Llull,530472
Tranquillo Barnetta,badapuesto,7
Matt Miazga,MattMiazga3,26490
Luca Caldirola,caldiluca3,30171
Josh Onomah,JoshOnomah,840
Motaz Hawsawi,motaz_Hawsawi,454
William Tesillo,williamtesillo,7210
Moritz Leitner,MoLeitner,19763
Eraso,Agroviajeros,1261
Chema Rodríguez,Chemarrodriguez,1684
Luna,Lunaa,459825
Ryan Babel,Ryanbabel,1113147
Fabian Schär,FabianSchar,163
Ebenezer Ofori,Ebenezer_ofori8,319
Rasmus Elm,Rasmus_Elm,11809
Gastón Lezcano,gastonlezcano16,4708
Tom Ince,thiswillbewar,85
André Martins,paulo_andre15,1996
Josué,JoshuaTreeNPS,58790
Marafona,Marafont,52
Fábio Coentrão,Fabio_Coentrao,2436781
Gálvez,ChristianG_7,442142
Jaïro Riedewald,iiJonas_x,251
Itumeleng Khune,TherealItu,56518
Adama Niane,adamaNiane3,19
Luca Cigarini,lucacigarini21,437
Gustavo Gómez,gustavogomez462,26599
Óscar Murillo,oscarfmurillo,10088
Víctor Vázquez,churrivazquez,23412
Omar Ramos,OmarRamos_C,3363
James McArthur,jamesmcarthur16,51501
César Montes,CJasib,58602
Abraham,AbrahamMateo,2699601
Manuel Akanji,obafemi_36,341
Jean-Kévin Augustin,33_augustin,35462
Luká Pokorný,PokoLuka,15
Maximiliano Urruti,maxiurruti37,355
Gen Shoji,GenShoji03,44266
Pajtim Kasami,PajtimKasami,98429
Clerc,JulienClerc_Off,4805
Milad Mohammadi,miladmohammadi_,1252
Cheick Doukouré,Doukoure_off,1227
Quique,QuiqueNeira,46167
Cejudo,HenryCejudo,21976
Leonel Vangioni,VangioniLeonel,34836
Darío Cvitanich,Daricvitaok,228218
Federico Ceccherini,cecche17,1110
Junior Alonso,junior_alonso1,4823
Roman Shishkin,shish49,39735
Michael Esser,MichaelEsser,548
Sergi Samper,SergiSamper,126125
Leonardo Jara,JaraLeonardoOk,3301
Vincent Nogueira,Hanniboul,194
Erik Sviatchenko,eriksviat,81213
Rodrigo Palacio,RodriPalacio_8,9266
Nahuel Leiva,Nahuel7Leiva,8712
Felipe Aguilar,FelipeAgui,7790
Gianluigi Buffon,gianluigibuffon,2989813
Marlos Moreno,MarlosMorenoCF,21192
Jorge Sáenz,JorgeSaenz_,2926
Pablo Hernández,HernandezPabloe,6164
Marcos Díaz,marcos_diaz,98685
Joan Jordán,Joan_JJ_Mc,1044
Edgar Ié,IEdgar94,2452
Diego Ângelo,diegoangelo03,13636
Bobô,CoachBobo_CSU,32254
Ben Gibson,bengibson1993,62085
Ron Vlaar,RonVlaar4,196795
Kenedy,Kenedy_Knd,23460
Charlie Adam,Charlie26Adam,502011
Tiago Silva,TgProduoes,276
Jesús Molina,j_molina5,511610
Carlos Ponck,ponck6,3
Garath McCleary,gmccleary12,41977
Hanno Behrens,HannoBehrens,19
Karim Ansarifard,KarimAnsarifard,43
Marvelous Nakamba,nakamba18,784
Daniel Schwaab,Danielschwaab1,17
Emil Krafth,EmilKrafth,3225
Bruno Petkovic,PetkoOfficial,4983
Stefan Kießling,stefan_kiesling,942
Riza Durmisi,RizaDurmisi,35412
Samuel Gigot,GigotSamuel,1
Nacer Barazite,NacerBarazite,3211
Ricardo Noir,NoirTito,12838
Jérémy Toulalan,FansdeToulalan,931
Matías Silvestre,MatiSilvestre2,2301
Riesgo,CSERCambridge,2770
Ángel Zaldívar,AZaldivar_,165081
Joaquín,lopezdoriga,7877906
Alexander Meier,almeierh,129
Samir,samir,31117
Matt Hedges,Matt_Hedges,4935
Charlie Taylor,charlietaylor09,32908
Marco Borriello,borriellomarco1,102009
Johan Arango,badboys78975456,372
Jhon Murillo,JHONMURILLO17,2659
Erick Pulgar,ErickPulgar,15667
Guilherme,giovannoni12,14791
Martin Linnes,M_Linnes,18372
Ezequiel Ponce,KeloMP,195
Hernán Toledo,toledocai,1441
Miguel Torres,MIKI_Torres_,14265
Andrea Costa,andrecosta_3,9021
Jonathan Walters,JonWalters19,66828
Mark Milligan,mmills05,33579
Nicolas Pépé,NicolasPepe19,3549
Dennis Appiah,DennisAppiahOff,6444
Carlos Carbonero,CCarboneroCF,5220
Jonathan Hogg,JonHogg1979,542
Freddy Hinestroza,Freddy11Ha,152
Amine Harit,Amine_000,27450
Brian Fernández,BrianFernandeez,3057
Yuki Kobayashi,iamyuuki4424,16930
Andrey Sinitsyn,boombick,169
Juan Forlin,ForlinJuan,1413
Benoît Poulain,bpoulain,281
Castro,JulianCastro,106936
Neil Taylor,neiltaylor1,957
Sam Byram,sambyram93,98569
Lewis Cook,lewiscook_,46521
Siqueira,pecesiqueira,1930778
Donis Avdijaj,DonisAvdijaj,1020
Chisamba Lungu,chisambal,11091
Benjamin Jeannot,JeannotBenjamin,64
Wilker Ángel,wilkerangel,7518
Deiver Machado,Deiver27Dm,470
Diego Benaglio,DiegoBenaglio,9856
Anderson Esiti,anderson_esiti,0
Mads Albæk,reus51500,243
Joel Pohjanpalo,JPohjanpalo,11798
Orkan Çinar,Tinerrci,533
Konstantinos Lamprou,koslamprou,14505
Fabián Sambueza,FabiSambueza,12360
Nery Domínguez,angelnazarenoo,530
Kehinde Fatai,kennys_ng,117
Mossoró,tvmossoro,5290
Joao Plata,JoaoPlata10,22176
Ali Adnan,Aliadnankadhem,36015
DeAndre Yedlin,yedlinny,380142
Kevin Lasagna,lasagne_kevin,66
Rolando Aarons,RolandoAarons,86297
Federico Ricci,federicci144,401
Karim Rekik,karimrekik,143213
Orlando Sá,ORLANDOSA10,16183
Phil Jagielka,PJags06,191352
Ashley Young,youngy18,1658334
Bernard Mensah,oliver_mens,2254
Mike van der Hoorn,Mikevdhoorn,331
Atiba Hutchinson,atibahutchinson,141525
Rafael,MashiRafael,3342625
Ewerton,EwertomLinhares,2726
Roni,ronisizebristol,24041
Rubens Sambueza,rubenssambueza,576673
Antonio Ríos,Diegorios_DFR,31326
Jonathan Orozco,jona_orozco,592122
Alberto Costa,tinocostalf,56637
Granell,nuriarocagranel,231011
Ilori,TiagoIlori4,42601
Guido Rodríguez,Guido_Rodriguez,63248
Tarantini,GaboTarantini7,14261
Luís Aurélio,tallerTORKO,291
Kevin Akpoguma,Akpogumakevin,5
Johan Kappelhof,JKappelhof4,2
Rob Schoofs,schoofsrob,2078
Iver Fossum,IverFossum,960
Norbert Gyömbér,gyomber23,136
Vegard Forren,vegardforren,232
Pål André Helland,phelland8,13499
Uffe Bech,UffeBech,1824
Jérémy Perbet,Officialjperbet,5072
Kekuta Manneh,kekuta16,7694
Romain Salin,RomainSALIN,15
Serkan Kirintili,Srkn_Krntl,70
Oscar Lewicki,OLewicki,14
Yeni Ngbakoto,Yeni_Ngbakoto23,6208
Nicolás Aguirre,penkaaguirre,7049
Moestafa El Kabir,Elkabir88,26930
Vid Belec,VidBelec1,158
Wesley,sneijder101010,4315527
Leandro Chichizola,LChichizola18,68731
Vladimir Gabulov,VGabulov,2
Osmar,bandadodoeosmar,1072
Maxi Moralez,mibellotti,1839
Nathan Baker,Bakesy23,42057
Roderick,johnroderick,33148
Rafael Baca,RafaBacaJr,29536
Edgar Badía,edgarbadia,8990
José Mauri,maurijose5,26518
Andile Jali,AndileJaliFacts,3239
Lucas Evangelista,Levangelista95,1778
Maximiliano Caire,MaxiCaire10,0
Alexander Hack,AlexanderHack69,0
Enzo Fernández,EnzoTeam,2070
Carlos Fierro,werofierro,211130
Aitor Sanz,aitorpipo6,242
Lee Jae Sung,AoiJAESUNG,82
Hernán Fredes,hernan_fredes,24916
Daniel Congré,dan05congre,1
Stephen Ireland,StephenIreland,26724
Baldomero Perlaza,baldoperlaza14,8998
Yeom Ki Hun,Yomeding,0
Marco Baixinho,Marco_Baixinho,2
Fabián Rinaudo,RinaudoOpina,18976
Markus Suttner,Suttner29,3780
Syam Ben Youssef,IssamSBY,716
Roland Lamah,RLamahOfficial,52
Dieumerci Ndongala,dmc_ndongala,7950
Václav Cerný,wendac68,26
Jeong Seung Hyeon,finalcontroller,0
Roger Assalé,aamekidc,18
Oliver Norwood,3o_op,7
Ryan Thomas,RyanThomas_30,5266
Sebastián Vegas,sebavegas6,3278
Yannick Cahuzac,yannickcahuzac,14278
Craig Cathcart,CraigCathcart,238
Ihlas Bebou,beo__94,1131
Manabu Saito,manabu0037,266507
Álvaro Jiménez,alvaro1jimenez,7380
Marvin Martin,Marvin__Martin,1139
Steven Fletcher,stevenfletch10,112114
Pape Sané,PapeSane5,0
Amilton,amilton,121
Paul Seguin,pauls1919,182
Ángelo Sagal,SagalAngelo,146
Giannis Gianniotas,Gianniotas20,557
Diego Fagundez,DiegoFagundez14,9978
Claudio Riaño,ClaudioRiao1,713
Mile Jedinák,MileJedinak,1535
Kevin McDonald,kevinthekith,17901
Chris Löwe,Loewe1984,100
Jérémy Pied,JrmyPied,47579
Eduardo López,EduardoLuisFut,197654
Darko Jevtic,Daki_der_Boss,2
Lassana Coulibaly,lassnacoul,2
Carlos Hernández,demiguelch,7588
João Teixeira,Joao_Teixeira17,25576
Frédéric Mendy,frederic_mendy,2
Ben Osborn,OsbornOn1,25622
Jorge Ortiz,jorgelortiz,1795
Diego Viera,diegoviera5,4740
Hélder Lopes,heldervaz,740
Mohammed Jahfali,MohammedJahfali,0
Alexandr Bukharov,AlexandrPoker,141
Harlee Dean,OfficialHDean,12375
Andreas Bjelland,BjellandNews,200
Chris Martin,ChrisMcomedy,19047
Renato Civelli,hakeiahnig,14
Bryan Rabello,bryan_rabello,398
Franck Tabanou,FranckTabanou,475
Graeme Shinnie,Shinzzaa,12887
Mirco Antenucci,BoringAntenucci,84
Adnane Tighadouini,adnann10,7157
Damien Marcq,DamienMarcq,3349
Liam Boyce,rob_sluggo,17718
Benito Raman,RamanBenito,13444
André Hoffmann,ASHoffmann58,471
Willard Katsande,WillardKatsande,98147
Adam Reach,AdamReach,20133
Fábio,fabiodnb,26983
David Pavelka,Davvidess,6
Bruno Zuculini,brunozuculini,23042
Mustafa Pektemek,mpektemek11,150070
Georg Margreitter,Margreitter88,7298
Danilo Avelar,avelardanilo,21808
Kevin Diks,KevinDiks_,3102
Ibrahim Ghaleb,ImGhaleb,44
Libor Kozák,Libor_Kozak,20406
Barry Bannan,bazzabannan25,91402
Ricardo Reyes,l_reyes14,7749
Camilo,djcamilo,318637
Michiel Kramer,kramerinho,14434
Fabien Lemoine,FabLemoineOff,12493
Guaita,vguaita13,1916
Marco Motta,mottambulo,612
Edgar Costa,edgartraveler,233
Susaeta,paulasusaetas,1649
James Collins,JamesCollinsPN,6579
Manuel Gulde,ManuelGulde,21
Montañés,montanes_albert,31444
Aleksandar Ignjovski,Ignjovski,10147
Sam Johnstone,samjohnstone50,210447
Rachid Alioui,RachidALIOUI17,4385
Massimo Luongo,MassLuongo,49241
Israel Jiménez,Isra_jimenez2,142277
Marc Navarro,MarcNavarro7,2715
Erick Torres,erickestefano15,195787
Alex Smithies,AlexSmithies,105
Concha,BuikaMusic,29269
Dominik Kaiser,dokai1612,187
Reza Ghoochannejhad,gh_reza,62163
Daniel Halfar,DHalfar,0
Lucas Venuto,VenutoMarcel,1
Mbilla Etame,mbillaetame1,19
Vladimir Bystrov,vladbystrov,454
Haris Medunjanin,HarisMedunjani,344
Massimo Maccarone,panteranucleo,3
Mathieu Bodmer,BODMERmathieu,25898
Timothy Derijck,TDerijck,49
Davide Brivio,Davide_Brivio,76581
Omar Perdomo,Perdomomachado,3121
Alessandro Rosina,AleRosina68,2660
José María Basanta,BasantaJm,7482
James Vaughan,vaughany08,83842
Christophe Berra,ChristopheBerra,680
Marc Roberts,Robbo_4,8960
Erbín Trejo,erbintrejo,8875
Nicolás Ibáñez,nicolasibanez,1199
Przemyslaw Tyton,officialTyton,1108
Gerardo Alcoba,Nes_ToTo_0,15
Jacek Kielb,KielbJacek,59
Samir Ujkani,SamirUjkani,2001
Diego Arias,diegoiag,17780
Lasse Nielsen,lassekajak,129
McDonald Mariga,McMariga17,169
Bruno Alves,BrunoSantana_95,37422
Luke Freeman,l_ukefreeman,182
Kieran Lee,kieranlee1988,23046
Roy Beerens,RoyBeerens,235
Lee Wallace,LeeWallace1993,832
Sasa Lukic,SaaLuki5,1
Ramón Folch,ramonfolch6,3080
Miguel Samudio,samudiomiguel10,164453
Cristian Higuita,CristianHiguit2,8842
Luca Mora,LucamoraRSI,146
Serdar Kurtulus,KURTULUSERDAR,458
Luigi Vitale,giggivitale87,5147
Juan Cabezas,liberjuan,1684
Nsue,barucnsue,627
Andrés Cadavid,AndresCadavid26,31050
Bruno Viana,ViniciusBruno,1057
Barry Douglas,wbarrydouglas,2946
Nicolás Silva,NicoSD_,817
Elohim Rolland,26Elohim,434
Moreno Costanzo,MorenoACostanzo,26
Magnus Troest,troest_magnus,9
Takuya Iwanami,ta_ku0618,23464
Arnold Issoko,arnold7gazz,1
Roman Emelyanov,radioromashka,126736
Fabian Holland,fabianholland,458
Nicola Murru,niko_murru329,4679
Moritz Hartmann,moritzhartm,337
Mustafa Saymak,MustafaSaymak,3796
Arnór Ingvi Traustason,NoriTrausta,3707
Edgar Salli,SalliEdgar,1557
Oleksandr Kucher,CherkassySoya,3
Ruíz de Galarreta,ruizdegalarreta,13598
Khalid Boutaïb,khalidboutaib,6666
Emmanuel Bourgaud,bourgaud10,693
Connor Goldson,connorgoldson,4435
David Ousted,David_Ousted,2869
William,BillClinton,9382586
Michael Dawson,Mazzdestruction,329
Nuno Henrique,VlopesFLA,838
Jonás Gutiérrez,elgalgojonas,245338
Manuel da Costa,Digital_tonic,1952
Samuel Holmén,S_Holmen84,54525
Brad Guzan,bguzan,285654
Matthias Lehmann,yongsagisa,350
Harrison Henao,harrisonhenao9,263
Eros Pisano,ErosPisano,8407
Pedro Júnior,Pedrocervejeiro,2443
Juan Insaurralde,FanDeJuanM,564
Bram Castro,BramGbi,1
Pablo Barrera,pablosimonetti,322147
Moritz Stoppelkamp,Stoppelinho,2618
Taras Mykhalyk,TMikhalik,13
Hicham Faik,HICHAM37300,4
Milan Vilotic,milanvilotic88,4
Jérémy Sorbon,JeremySORBON15,96
Alaixys Romao,AlaixysRomao,93117
Chris Mavinga,Chris_Mavinga,34076
Matej Vydra,vydra_92,25225
Miguel Flaño,MiguelFlano4,0
Daniele Gastaldello,DanieleGastald2,2
Glenn Whelan,Glenn_Whelan,205
Alberto,lfc18alberto,457428
Gojko Kacar,GkGojko,0
Kim Do Hyeok,yonsei13,258
Alejandro Faurlín,alefaurlin,31432
Gonçalo Brandão,crusherlol,471
Marcello Gazzola,GazzolaMarcy26,3179
Per Karlsson,bkwineper,4703
Thomas Rogne,Rogne25,182
Jordan Hugill,JordanHugill,6852
Fabián,MarcoFabian_10,2053488
Salvi,ellensalvi,22929
Jamie Walker,JWalks_Perc,1204
Lisandro Magallán,lichamagallan,5568
Mauro Formica,Gatoformica10,66702
Barragán,RepBarragan,5681
Yosuke Kashiwagi,yosukekun08,64527
Dimitri Oberlin,DimitriOberlin,14
Craig Bryson,EleanorDallas,1459
Idris,idriselba,2319993
Laure,laureboulleau,249577
Emre Tasdemir,emretasdemrr,345
Christian Kouakou,kychristian13_,3013
Issiar Dia,IssiarD,29313
Bryan Cabezas,bryancabezas,262
Dani Nieto,91nietodani,5170
Scott Malone,ScottyMalone28,9482
Carlos Salom,salom_turco,1674
Alex Castro,AlexCastroHdz,2683
Roger Espinoza,roger_em,831
Cesare Bovo,CesareBovo1,78
Rodéric Filippi,cork87,83
Sam Lammers,leijsam,21
Herman Stengel,HermanStengel,1590
Martin Männel,Martin_Maennel,1714
Robin Bormuth,RobinBormuth,93
Juan Foyth,JuanMFoyth,2191
Vincent Marchetti,Vincent_M19,1128
Gerson,Gina_Gerson,123489
Callum Robinson,CallumRobbo37,17581
Diego Chará,DiegoChara21,9103
Rafael,RafaelNadal,15101923
Emiliano Buendía,64Buendia,11
Maurice Edu,MauriceEdu,583092
Lucas Aveldaño,Aveldano_pela,25984
Mason Holgate,MasonHolgateee,30057
Iban Salvador,isalva10,3532
Robert Tesche,GermanTesche,261
Michael Kightly,MichaelKightly7,563
Josh Windass,JoshWindass,0
Claudio Terzi,TerziClaudio,11
Duncan Watmore,duncanwatmore,380
Vincent Marcel,vincentmarcel13,176
Gareth Barry,_GarethBarry,2445
Charlie Mulgrew,charlie_mulgrew,82636
Iasmin Latovlevici,ilatovlevici14,1670
Jermaine Jones,Jermainejunior,392675
Joseph Minala,MarieMbjm,5551
Fernández,CFKArgentina,5302138
Emanuel Reynoso,Ema_Reynoso,142
Alessandro Cordaro,AlessandroC21,119
Daniele Capelli,prince_dani10,8
Hassan Yebda,hassanyebda19,1433
Óscar Benítez,osanchezbenitez,978
Dennis Johnsen,17DennisTJ,99
Sebastián Hernández,nandez10,15507
Abdullah Durak,Abdulla96760365,77
Luis Robles,luisrobles1984,3515
Joan Román,Joan_Roman7,42281
Antonio Floro Flores,FloroFlores83,62064
Simon Thern,SimonThern,98
Mattia Zaccagni,Mattia_Zaccagni,224
Vittorio Parigini,VittoParigini,3883
Mejías,Tomas_Mejias,51534
Mattias Bjärsmyr,Bjars5,6504
John Lundstram,JLundstramFans,18
Clifford Aboagye,cliffortis,11337
Lee Kwang Sun,Bright_Sun2,4
Daryl Murphy,MurphyDaryl9,2247
Rémy Dugimont,remydugimont,1095
Oswaldo Vizcarrondo,Vizcarrondo4,291199
Boaz Myhill,boazmyhillHCFC,358
Leandro Greco,leandrogreco27,2230
Riad Nouri,riad_nouri,2
Marcin Robak,RobakMarcin82,166
Tomasz Jodlowiec,TomaszJodowiec,740
Alberto Brignoli,BrignoliAlberto,3357
Juan Cavallaro,juan_cavallaro,0
Raúl Loaiza,rloaizah,15
Suat Serdar,serdar_suat,0
Olcan Adin,Olcanadin,284870
Julian Green,J_Green37,582379
Patrice Evra,Evra,152859
Tim Ream,timream5,6524
Joey van den Berg,lardoncompany,324
Tom De Sutter,TomDeSutter9,8976
Souleymane Bamba,Souleymane_KB,68
Àngel Rangel,arangelz,66370
Luke Chambers,lukcha,2106
Artem Timofeev,1993_timofeev,645
Pablo Alvarado,pablocala25,26083
Tobias Werner,Twerner79,103
Carlos Arboleda,CarlosJArboleda,824
Gerrit Holtmann,holti2014,3
Declan Rudd,RuddDeclan1,0
Kelvin Leerdam,KelvinLeerdam,186
Bautista Merlini,Bautii_Mer,4
Mathias Wittek,H34G4R,0
Ghislain Gimbert,GhislainGimbert,406
Rafik Zekhnini,Zekhnini98,1011
Dominic Iorfa,DominicIorfa,21297
Andrea Seculin,secu90,4331
Darwin Cerén,CerenDarwin,11220
Guido Vadalá,Guido_Vadala,42361
Franco Arizala,lufaroce,94
Emerson Hyndman,emersonhyndman,33318
Khalifa Sankaré,khsankare,2008
Alex Cordaz,cafi51,70
Eric Lichaj,EricLichaj,36021
Mauricio Gómez,MauricioGomezCO,10964
Russell Martin,russellmartin55,273239
Tom Adeyemi,Justice4Adeyemi,42
Cole Skuse,ColeSkuse,409
Mauro Arambarri,MArambarri8,9067
James Wilson,_JamesWilson_,6691
Kike Sola,kike_sola,64083
Suleiman Abdullahi,s4suleiman,419
Jorge Correa,jorgecorrea_,838
Chris Cohen,chris_cohen_,413
Thomas Kessler,kess_18_,3177
Ifeanyi Mathew,AttahIfeanyi,14
Joãozinho,padrejoaozinho,151480
Chris Maxwell,chrismaxwell01,6986
Mehmet Batdal,M86BaT,69
Brayan Angulo,chicoangulo,4535
Matías Escudero,MatiEscu98,3169
Uwe Hünemeier,UweHuenemeier2,14052
Tomané,JoeTomane29,7539
Rúben Fernandes,fernsrubenruben,694
Issam Jebali,IJebali,132
Lys Mousset,lysmousset9,2516
Cristian Villagra,crvillagrac,606
Mehdi Lacen,_chemiko,8
Villalibre,oscarvillalibre,1254
Steffen Hagen,SteffenHagen1,107
Matt Jarvis,MrMattJarvis,78363
David Edwards,beachgamestv,28094
Alexis Vega,Alexis_Vega9,4807
Daniel Montenegro,El_Rolfi10,12183
Emanuel Aguilera,Emaaguilera89,182
Jhonathan Muñoz,CatireMunoz,3
Tom Clarke,TomClarkeC4,6413
Léo Silva,LeoS_compositor,852
Matt Targett,Mattytargett,31043
Christian Bolaños,BOLACRIS7,244740
Mossa,JMMossa,3711
Billy Sharp,billysharp10,210261
Molinero,Francis41334448,393
Yuya Nakasaka,yuuyavk,3446
Leart Paqarada,LeartPaqarada,3
Aaron Tshibola,AaronTshibola,25546
Joris Kayembe,JorisKayembe,2268
Gaetano Monachello,gaemona,2878
Anthony Walongwa,WalongwaAnthony,3299
Rodrigo Erramuspe,rodrierramuspe,40
Uriel Antuna,AntunaUriel,4469
Thierry Ambrose,Thierry_Ambrose,4
Domi Kumbela,DKumbela,51
Daniel Sjölund,JrSjolund,5
Yeltsin Tejeda,Yeltsin_Tejeda,228752
Álvaro Bustos,AlvaroBustos10,5280
Juan Caicedo,JB_Caicedo,1322
Marcus Edwards,c4marcus,7028
Brett Pitman,brettlpitman,973
Fouad Bachirou,Lilbach,1642
Isak Ssewankambo,SsewankamboIsak,2872
Guðmundur Þórarinsson,GudiThorarins,1876
Erkan Kas,erkan_kas,26349
Mark van der Maarel,MarkvdMaarel,2160
Gyliano van Velzen,Gyliano_vVelzen,24
Nélson Monte,MonteComedy,355
Marc Cardona,Marc11Cardona,4268
Iván Rossi,ivanRossii,19061
Karim Ziani,Kar_ziani,4115
Adam Rooney,17AdamRooney,16714
Filip Raicevic,FilipRaicevic1,5
Tom van Weert,TomvanWeert,126
Didier Delgado,Didier13dm,126
Jens Stryger Larsen,JensStryger,4035
Max Power,mp_1825,8137
Danilo Acosta,gobernadorsur,1640
Angus Gunn,AngusGunn01,24349
Glenn Claes,ClaesGlenn,3587
Jonathan Osorio,OsoJ92,5858
Lee Tae Hee,happylth,119
Jack Payne,Jackopayne1,10418
Conor Grant,gethappyConor,188
Baptiste Guillaume,CHBOUUT,2759
Ádám Lang,AdamPerryLang,11524
Mattia Aramu,MattiaAramu,4282
Nils Schouterden,NilsSchouterden,3151
Francesco Zampano,Fra_Zampano,134
Greg Kiltie,gregkiltie,3094
Mauricio Casierra,mauriciocasierr,10
Sander Svendsen,thesansven,874
Xavier Chavalerin,xchavalerin23,586
Dimitrios Goutas,GLOBONWEB,2
César,CesarAzpi,1684377
Diego Valoyes,DiegoValoyes_,301
Nili Perdomo,nili_lp7,3813
Rasmus Jönsson,19RasmusJ,2715
Steven Fortès,11sfFortes,2
Carlos González,CarGo5,108571
Mariano Barbieri,barbierimariano,4133
Manuel García,manugarpez,145387
Víctor Giraldo,victorgiraldomm,1370
Diego de Buen,DiegoDBuen,58070
Reece Oxford,reeceoxfordfans,19
Stiven Vega,StivenVega124,116
Nicolás Colazo,nicolascolazo,232516
Jhon Pérez,WALLI27,7470
Alex Ferrari,alexferraribr,15399
Nicolás Benedetti,nicobenedetti7,9306
Jonathan Ávila,avilamusic,2776
Jan Kliment,jan_kliment,207
Luís Machado,joaoluis28,914
Marius Wolf,M_27_W,1009
Lee Chan Dong,VROMANCEisrael,90
Jessy Pi,JessyPi25,4077
Martín Luque,Martintorralbo,2180
Florian Martin,FloMartin10,2487
Darko Lazic,DarkoLazic,1791
Román Torres,romantorres05,176622
Adaílton,adailtoncn,5936
Cristian Arrieta,26Arrieta,305
Vasco Costa,guiilhermecost,23254
Rubén Alcaraz,Filipy09,998
Lorenzo Gordinho,Lorenzo_Gordi,26817
Charilaos Charisis,CCharisis,224
Jérémy Choplin,Jeremy_Choplin,6473
Cédric Hountondji,C_Hountondji26,4110
Josh Brownhill,Brownhill10,10954
Saidy Janko,SaidyJanko,731
Gonzalo Castellani,gonzacastellani,83548
Juan Daniel Roa,JuanDRoa17,28139
Cristián Cuevas,ccuevasz,28392
Furkan Özçal,furkanozcal90,7
Piotr Leciejewski,PiotrLeciej,0
Jasmin Fejzic,JasminFejzic,242
Leonardo Bertone,LeonardoBertone,1
Jasmin Buric,JasminBuricBura,1
Sergio Marcos,Reino_Vikingo,22609
Viktor Lundberg,ViktorALundberg,3940
Jerry Ortiz,jerryfornm,437
Thabo Qalinge,Thabo_Qalinge,1620
Sam Nicholson,SamNicholsonASC,142
Igor Lichnovsky,igor_five,124865
Alexis Zapata,AlexisZapata_10,1599
Xavier Kouassi,xavier_kouassi,0
Edwin Valencia,edwinValfier,19466
Shane Lowry,ShaneLowryGolf,139947
Erling Knudtzon,KnudtZONE,1572
Saúl,mrbobodenkirk,480707
Raheem Edwards,reppitboyceo,876
Santiago Colombatto,santicolombatto,215
Yoshito Okubo,Okubonbon13,252386
Lucas Höler,god_bask3tball,52
Gonzalo Verón,veron385,166
Danny Swanson,DannyNicole14,297
Rick Dekker,RickDekker19,1415
Kosuke Nakamura,777C1a2r6p,5437
Paolo Fernandes,PaoloFernandes_,4934
Conor Chaplin,ConorChaplin19,11611
Tyler Adams,tyler_adams14,4095
Rodrigo Aliendro,petialiendro,70
Ömer Bayram,omerbayram19_,3540
Omar Govea,96govea,17717
Mandla Masango,MandlaMasango24,11642
Patrick Eze,KingPatrick_Eze,48
Roland Alberg,rolandalberg,1240
Waylon Francis,WaylonFrancis90,60442
Mattia Bani,MattiaBani,392
Diawandou Diagné,DiawandouD,276
Marco Chiosa,marcochiosa,22
Dico Koppers,Dico_Koppers,128
Gastón Togni,GastonTogni,1585
Racine Coly,racinecoly,7
Luigi Bruins,MiaPow07,677
Yakou Meité,MeiteYakou,4
Cyriaque Rivieyran,CYRERIVIEYRAN,5477
Brwa Nouri,NouriBrwa,11
Tatsuki Nara,NaraTatsuki,0
Gauthier Hein,gauthier_hein,2016
Kamil Drygas,kamildrygas2,2
Tyias Browning,tyiabrowning,4
Timo Beermann,TimoBeermann,6
Darko Bodul,DarkoBodul10,90
Nicolás Palacios,donpala26,705
Fabian Reese,FabianReese,13
Thomas Ephestion,Tephestion94,3971
Yoann Court,courtyoann14,1011
Billy Bodin,BillyBodin9,6322
Joaquín,lopezdoriga,7878281
Olivier Custodio,OlivierCustodio,7
Ali Messaoud,Ali_messaoud,2094
Heliardo,leleedesouza,211
Amir Hadziahmetovic,Gutinjo,1
Luke Hyam,LukeHyam19,12404
Dereck Kutesa,DereckKutesa,431
Rafa Mir,RafaMir33,5599
Emil Audero,EmilAudero,11791
Julien Bègue,tibegue_974,2101
Ventura Alvarado,Ventuzzz,38936
Gabriel Gudiño,ggudino10,1152
Caolan Lavery,clavery13,19313
Junya Tanaka,JUNYA18TANAKA,82300
Humberto Osorio,HumbertoOsorioG,155
Koji Miyoshi,KMiyoshi26,18147
Andreas Johansson,mr_johansson,2271
Viti,mon_viti,8660
Elgezabal,Unai3Elge,940
Matías Rojas,matiasrojasdl,2805
José Leguizamón,joselegui91,3262
José Aja,joanaja,318
Fran Cruz,francruz8,4630
Robin van der Meer,robinvdmeer,163
Zakarya Bergdich,zakaryabergdich,11766
Jimmy Roye,jimmyroyedunne,70
Tomasz Kuszczak,TomKuszczak,13435
Gabriele Marchegiani,GabMarchegiani,1280
Aiden O'Brien,AidenOBrien6,11
Raphaël Cacérès,RaphaelCaceres,2259
Michael Turner,michaelmuseums,2512
Bernard Tekpetey,BTekpetey32,1630
Martin Terrier,Martin_Terrier,7572
Barnabás Bese,BArNyX98,1
Jesús Isijara,jesusisijra11,38
Stefano Napoleoni,stenapoleoni,85
Akihiro Ienaga,AkihiroIenaga,208
Facundo Erpen,facuerpen5,14771
Aleksandar Tonev,tonev_a,198
Salvatore Molina,SalvatoreBaccup,0
Juan José Mezú,juanmezu10,327
Marco Caligiuri,Puedo88,12
Kingsley Madu,leokingscj10,75
Eugeni,eugenirodriguez,3340
Miladin Stevanovic,miladin60,1
Robin Söder,MarkusWulcan,7849
Luis Pérez,LFperezpiano,324
Rodolfo,barilirodolfo,714687
Nadir Çiftçi,No7News,109
Yalçin Ayhan,Ayhylc02,3468
Ali Al-Habsi,AliAlhabsi,941915
Rochinha,rochinha13,8337
Ramón Azeez,azeezOlamy,2888
Manucho,m_manu294,220
Harvey Barnes,harveybarnes97,4304
Kim Ho Nam,CastanosMaru,316
Kristoffer Haugen,krisshaugen,615
Campins,solercampins,5559
Sebastián Viera,sebavierareal,231568
Sam McQueen,sammcqueen123,14645
Thiago Cardoso,oficial_thrib22,957
Mateus Gonçalves,Mateus_Oficial0,2972
Magomed Musalov,musalovmagomed,2
Alan Aguerre,AguerreAlan,0
Gary Mackay-Steven,Gary__11,70824
Dominik Stroh-Engel,dudmann,1536
Jamie Hopcutt,hoppy07,3225
Shu Kurata,shu_kurata_11,134
Mathias Autret,Autret11,11447
Riccardo Improta,ImprotaRiccardo,539
Darnell Furlong,DarnellFurlong,4471
Francesco Signori,FRANKSIGNO,1
Fabrizio Poli,Fabrysilvia,1358
Fabián Viáfara,fabisncito107,13
Gjermund Åsen,TikiAasen,1791
Gino van Kessel,Ginovankessel,2965
Javier López,fjavilopez,8465
Marcus Bettinelli,marcusbettss,8241
Adrien Tamèze,AdrienTameze,1521
Seo Myeong Won,mandoooooo_,12
Martyn Woolford,martynwoolford,9659
Justin Eilers,86ad45073e9e4bd,19
Fernando Brandán,PenaTurdera,606
Mirko Gori,mir_gori8,51
Haris Radetinac,HarisRadetinac,0
Biagio Meccariello,biagiomeccariel,654
Hakan Arikan,elittek10,46
Fedor Cernych,FCernych,3
Aitor,EmbeVilla,826
Luis Carlos Murillo,LC_Murillo,224
Mustapha Yatabaré,MustYatabare9,15163
Alex Muñoz,propixLA,22462
Nikolay Zaytsev,zaytsev_n_s,105
Nasiru Mohammed,nasirumohammed2,1986
Lee Novak,coachnovak,5789
Danny Hoesen,Dangi97,484
Václav Procházka,VasekProchazka,65
Marco Silvestri,MarcoSilver1991,26799
James Bree,JamesBree3,119
Chris Duvall,chrisduvall91,3515
Peter Niemeyer,NiemeyerPeter,253
Fernando Márquez,elcroquis_mgz,1808
Andreas Isaksson,AndreasIsaksso1,53
Richard Neudecker,richyneudecker,84
Naoki Wako,naokiwako,8387
Yangel Herrera,YangelHerrera8,8018
Leandro Putaro,LeandroPutaro,2
Marnick Vermijl,VermijlMarnick,19
Sebastián Gorga,sebagorga,296
Ruben Kristiansen,RubenKristianse,1423
Loïc Badiashile,Loic_Badiashile,6289
Luca Lezzerini,lucalezzerini,15569
Moussa Wagué,enarcenewman,688
Daniel Pavlovic,dannyljinhre,193
Alexandre Vincent,alexnvincent,105
Derrick Jones,TheRea1DJones,11971
Mariano Bareiro,Marianobareiro,5943
Samuel Di Carmine,SamDica,6
Akimi Barada,akimi20bara,9203
Matthew Grimes,mggrim,2791
Ramon Lopes,Ramon20Lopes,3842
Tobias Levels,tobiaslevels,0
Diadie Samassekou,diadios,456
Alex Crognale,alexcrognale,2011
Matías Sánchez,matisanchez,7351
Thomas Enevoldsen,therealenevolds,972
Joel,JoelOsteen,7474068
Sercan Sararer,SararerOffiziel,181
Liam Sercombe,SercombeLiam,6223
Leandro,Lhassum,2031309
Héctor Verdés,CampusHVerdes,77
Shogo Taniguchi,sh0g0715,35816
Marcus Olsson,olssonolsson,566
Omar Bogle,OmarBogle9,10243
Sebastian Szymanski,szymanskis,171
Rodolfo Vilchis,Rodolfovilchisc,966
A.J. DeLaGarza,AJD_20,22985
Romain Bayard,RomainBayard,498
Ben Amos,Amos_40,209929
Carmelo Valencia,carmelo_valenci,147
Vladimir Ilyin,vladimir4477,97
Óscar Rojas,oprieto9,35095
Ross Draper,rdraper08,1421
Leonardo Sánchez,Archie_clima,4739
Hiroyuki Abe,h1r0_0705,16601
Stergos Marinos,MarinosStergos,59
Andrew Nabbout,andrewnabbout,3060
Mathis Bolly,MathisBolly,349
Mateusz Mozdzen,MATIMOful,7
Gus Ledes,GusLedes,4030
Idrissa Doumbia,IdrissaDoumbia,10
Danny Hylton,SuperDannyH,288
Josete,JoseteAbarca,655
Tomoaki Makino,tonji5,670737
Nicolás Mezquida,nico_mezquida,2511
Mahlon Romeo,Mahlon_Romeo,4894
Stefan Mauk,StefanMauk,3022
Michael Petrasso,petrasso20,4440
Chris Basham,chrisbasham,522
Sinan Kurt,sinan_kurt_24,14886
Amin Nouri,_anouri,172
Fredrik Ulvestad,Freulv20,2
Bruno Wilson,BrunoWilson7,202
Simon Skrabb,SSkrabb,151
Guy Michel Landel,MichelLandel,38
Lucas Akins,AkinsLucas,734
Oliver Kragl,oliverkragl,11
Eddy,cue,145025
Koray Altinay,KorayAltinayCom,107
Gustavo Páez,tavopaez,3503
Frederik Børsting,7af3545365dd491,10
Vladimir Dyadyun,DyadyunVladimir,48
Matteo Ciofani,CiofaniMatteo,2
Steven Lawless,toryofold,1134
Hal Robson-Kanu,RobsonKanu,66054
Antoñito,RuizAntonito,45281
Jake Jervis,JJervis20,9031
John Verhoek,JohnVerhoek106,241
David González,DavidTVGonzalez,1473
Marc Vidal,marcvidal,92120
Diego Mendoza,Diego_Mendoza92,9120
Andrea Orlandi,andreaorlandi,482
Alex Pozo,AlexPozo7,3381
Lloyd Sam,MrLloydSam,18945
Licá,lica,211
Bakaye Dibassy,bakdib,1083
Valtteri Moren,ValtteriMoren,16
Valentin Rosier,el_pakiiiii,397
Fabien Antunes,antunes_fabien,102
Adam Larsen Kwarasey,akwarasey,23
Gennaro Acampora,GenniAcampora,1701
Daniel Steres,Dsteres44,1069
Jay Simpson,AschoffESPN,29462
Pedro Monteiro,pedro_pele26,772
Stefan Nutz,StefanNutz,2
Julian Schauerte,skyguyjs,0
Ben Halloran,BenHalloran23,15637
Marco Borgnino,MarcoBorgnino,625
Mattia Vitale,AirmattyVitale,2966
Tommy Høiland,hoeiland10,8096
Alessandro Piu,96PiuAlessandro,232
Anuar,anuarzainnet,10371
Javier Morales,javi_mo11,12233
Dairon Asprilla,daironasprilla,2363
Doganay Kiliç,hotenza,138
Jeff Reine-Adelaïde,jreineadelaide,5150
Billy McKay,billymckay22,6426
Park Chu Young,Chu_Young_Park,535
Elia Soriano,enanika_21,127
Richard Stearman,the_stears,47080
Matthias Bader,matthiasbader,61
Matt Smith,msmith_photo,1340
Paul Anderson,P18NDO,16473
Gaëtan Perrin,GaetanPerrin07,1177
Pité,bairopiteclinic,962
Luisinho,Luisinho,147
Alan Acosta,alanacostarubin,1041
Andrea Cocco,Andrea_Cocco,2646
Jack Elliott,jackells95,547
Andreas Linde,therealkerni,3252
Devante Parker,DeVanteParker11,63682
Gastón Díaz,Gaston_Diaz10,8474
Ricardo Faty,rickyfaty,21320
Mariano González,MarianoG_11,9050
Michael López,CommanderMLA,30651
Kevin van Veen,kevinvanveen,2968
Chris Maguire,editor_Maguire,4818
Bruno Miranda,bubarim,46141
Maximiliano Romero,masiromero_,579
Henri Saivet,Saivet_Henri,30885
Marcel Schmelzer,Schmelle29,294884
Jeroen Zoet,JRZoet,94052
Munir,munirvirani,793
Marcus Coco,WanderW0m0m,618
Marcano,GustavoMarcano,75739
Jaume Costa,jaumecosta11,12976
Gonzalo Escalante,gonza_escalante,52224
Nacer Chadli,NChadli,257215
André Onana,AndreyOnana,10224
Martin Braithwaite,MartinBraith,27289
Omar Al Soma,kngnwaf,17
Joshua King,_TheJoshuaMoore,24721
Jefferson Montero,JeffMONTERO23,939656
David Abraham,davidabraha,1035
Benjamin Henrichs,BenjaminJames__,87
Andrea Bertolacci,Bertolacci,62852
Sebastián Cristóforo,SCristoforo25,16621
Matheus Pereira,MatheusPereira,16344
Ömer Ali Sahiner,Omralishnr,27361
Bart Ramselaar,bartramselaar,4094
Sabin Merino,SabinMerino,7381
Jefferson Lerma,jeffersonlerma,2039
Pavel Kaderábek,PavelKaderabek,6
Karim El Ahmadi,Karimelahmadi08,509
Alexander Szymanowski,AlexSzymanowski,16
Felipe Caicedo,FelipaoCaicedo,1313699
James Milner,JM7Foundation,28191
Roman Zobnin,RedlondonRoman,18
Gregoire Defrel,gregos92,4002
Daniel Torres,danitorresrojas,71070
Diego Valeri,DiegoDv8,27693
Ramiro Funes Mori,funesmoriofi25,118213
Gil Dias,Expresso2222,7680
Lucas Castro,Patacastro19,11596
André Onana,AndreyOnana,10224
André Onana,AndreyOnana,10224
André Onana,AndreyOnana,10224
Fernando Torres,Torres,3588845
Yusuf Yazici,yaziciyusuf97,32123
Aaron Lennon,AaronLennon12,671867
Lucas Andersen,lucaandersen,24553
Jordi Amat,JordiAmat5,43727
Mauricio Pereyra,MauriPereyra17,177
Martín Campaña,campi1289,34474
Javi Espinosa,JaviEsGa,415
Facundo Ferreyra,ferreyrachucky,4283
Yussuf Poulsen,YussufYurary,6790
Seko Fofana,SekoFofana,8451
Dennis Praet,dennispraet,65128
Marco Höger,marco_hoger,2
Marko Livaja,Livaja_ID,342
Alper Potuk,AlperPOTUK,577058
Pedro Henrique,PHKONZEN,8917
Harry Maguire,HarryMaguire93,21309
Steven Bergwijn,StevenBergwijn,3389
Martin Hinteregger,mhinteregger4,33
Tom Cairney,ThomasCairney,30647
Khouma Babacar,babito10,6899
Deniz Türüç,DenizTuruc8,90
Marco Höger,marco_hoger,2
Ben Mee,KBC_BE,11356
Milan Badelj,MilanBadelj1,181
Neto,felipeneto,7461987
Lucas Zelarayán,Lucazelarayan31,128010
André André,andre,1277103
Terence Kongolo,KongoloTerence,88439
Milan Badelj,MilanBadelj1,181
Lucas Ocampos,Locampos15,134481
Badou Ndiaye,BadouNdiaye30Cm,108
Marco Höger,marco_hoger,2
Bigas,nlbigas,2071
Sebastian Rode,Sebastianrode20,154908
Fabian Delph,FabianDelph,1893
Marco Höger,marco_hoger,2
Milan Badelj,MilanBadelj1,181
Lewis Holtby,LewisHoltby,277134
Bigas,nlbigas,2071
André André,andre,1277103
Keisuke Honda,kskgroup2017,247510
Joel Campbell,joel_campbell12,788157
Hélder Costa,helcosta2323,83
Erick Gutiérrez,GutiGalaviz,79446
Jordan Pickford,JPickford1,58274
Sebastián Pérez,chipakero,85329
Raúl Navas,raulnavas32,6824
Pau López,Paulopezmesqui,146
Charlie Austin,chazaustin10,146623
Bruno Peres,brunohperes,698
Bigas,nlbigas,2071
Yann M'Vila,yannmvilafr,22736
Bigas,nlbigas,2071
Matt Phillips,phillips_matty,40151
Calum Chambers,CalumChambers95,750125
Henry Onyekuru,henryconyekuru,11134
Alexander Szymanowski,AlexSzymanowski,16
Steven Berghuis,shami723_ss,22
Omar Kharbin,BESKTAS888,1044
Baptiste Reynet,BaptisteReynet,11638
Baptiste Reynet,BaptisteReynet,11638
Jurado,Jurado10Marin,58549
Moussa Dembélé,MDembele_10,173400
Yimmi Chará,yimmichara,40599
Andre Gray,AndreGray7,66648
Mahmoud Abdel Moneim,SuperStar070,3
Lucas Leiva,LucasLeiva87,1881778
Aaron Mooy,AaronMooy,19803
Leroy Fer,LeroyFer8,131450
Thomas Partey,Thomaspartey22,37397
Alexander Szymanowski,AlexSzymanowski,16
Renato Steffen,renato_steffen,191
Maicon,maiconroque27,46329
Paulo Oliveira,JPdeOliveira,27413
Carlos Eduardo,CarlosEduardo87,3174
Yassine Benzia,YassBenzia,2248
Jozabed,_Luhazalini,559
Abdul Rahman Baba,babarahmangh,72124
Adalberto Peñaranda,Adalbertopr7,60010
Santi Mina,SantiMina7,22224
Petr Cech,PetrCech,1741985
Salvatore Sirigu,s_sirigu,161384
Róbert Mak,MakUpFront,2870
Domenico Criscito,mimmo_criscito4,221510
Rémy Cabella,RemyCabella,447923
Yannick Bolasie,YannickBolasie,170460
Yannis Salibur,YSalibur,7577
Ron-Robert Zieler,96Zieler,1156
Marco Ruben,Nicoo_1889,1874
Malang Sarr,massarr1,19
Sebá,SebaJohnson,1180
Artem Dzyuba,Artem_Dz,4
Escudero,chacarita151,22836
Carlos Mané,CMane36,10640
Ricardo Horta,ricardohorta_,897
Yuya Osako,Yuya_Osako,72
Nicolás Lodeiro,NicolasLodeiro,2888
Charles Aránguiz,CharlesAranguiz,364893
Burak Yilmaz,yilmazburak17,1371556
Ben Davies,Ben_Davies33,170427
Jonny Evans,JonnyEvansFans,4405
Nuri Sahin,nurisahin,1380514
Granero,eGranero11,908898
Alex Alegría,alexander_psz,16831
David Ospina,D_Ospina1,3108588
Tom Heaton,TomHeatonGK,10269
